CO(GT),PT08.S1(CO),NMHC(GT),C6H6(GT),PT08.S1(CO),RH,AH,T,Predicted,% Change
0.3,837.0,29.0,1.2,837.0,60.8,0.7704,10.5,8.8,-15.9
1.0,1007.0,-200.0,3.4,1007.0,82.5,0.7265,5.0,0.5,-89.9
3.0,1104.0,-200.0,13.3,1104.0,25.7,0.3914,13.3,19.6,47.0
-200.0,1004.0,-200.0,6.3,1004.0,44.3,0.8929,17.8,13.2,-25.6
2.0,1123.0,-200.0,11.0,1123.0,30.1,11.392,28.3,27.7,-2.3
2.1,1136.0,-200.0,6.8,1136.0,65.8,0.5935,5.4,5.1,-6.2
-200.0,1175.0,-200.0,12.9,1175.0,54.9,20.353,27.9,30.3,8.5
-200.0,949.0,-200.0,6.0,949.0,46.7,16.121,26.7,27.9,4.5
2.0,1156.0,-200.0,10.3,1156.0,43.0,14.808,26.7,26.6,-0.2
0.6,815.0,-200.0,3.3,815.0,63.4,17.136,22.6,24.1,6.5
8.0,1884.0,-200.0,43.7,1884.0,58.9,18.005,24.6,32.5,32.1
0.7,786.0,-200.0,1.2,786.0,61.0,0.5824,6.2,8.0,29.2
3.3,1507.0,-200.0,15.7,1507.0,51.4,0.6725,11.0,8.9,-19.5
3.7,1317.0,-200.0,21.5,1317.0,26.9,16.635,37.1,36.3,-2.1
2.3,1125.0,-200.0,11.0,1125.0,27.1,0.7858,23.8,18.2,-23.6
1.8,1126.0,-200.0,10.0,1126.0,25.8,12.023,31.9,28.9,-9.3
0.6,803.0,-200.0,2.9,803.0,61.0,0.9799,14.1,9.0,-36.1
0.7,807.0,-200.0,2.3,807.0,45.7,10.424,19.8,22.1,11.5
0.6,922.0,39.0,1.5,922.0,53.6,0.8169,13.3,10.0,-24.6
2.1,1098.0,227.0,9.8,1098.0,40.5,0.7241,15.8,16.4,3.9
0.8,977.0,-200.0,3.3,977.0,70.9,0.7358,7.5,4.1,-45.8
0.9,1331.0,-200.0,13.7,1331.0,80.5,0.7416,5.7,2.1,-63.9
2.4,1137.0,-200.0,11.9,1137.0,53.6,15.374,23.6,25.3,7.0
1.7,-200.0,-200.0,-200.0,-200.0,-200.0,-200.0,-200.0,-199.5,-0.3
0.8,796.0,-200.0,2.1,796.0,53.0,0.8044,13.3,10.8,-19.1
0.3,757.0,-200.0,2.2,757.0,52.8,11.489,19.0,21.7,14.3
1.0,-200.0,-200.0,-200.0,-200.0,-200.0,-200.0,-200.0,-199.5,-0.3
1.3,924.0,-200.0,8.5,924.0,45.0,11.867,22.2,25.2,13.7
1.6,1135.0,-200.0,5.7,1135.0,65.5,0.6961,7.8,4.7,-39.4
2.1,1110.0,-200.0,11.5,1110.0,62.6,16.883,22.5,24.4,8.3
0.8,833.0,-200.0,1.9,833.0,55.4,0.593,7.9,9.3,18.1
1.4,1024.0,79.0,4.8,1024.0,61.6,0.7425,9.7,8.3,-14.7
2.1,972.0,-200.0,8.2,972.0,34.2,0.4212,10.0,16.4,63.9
1.5,-200.0,-200.0,-200.0,-200.0,-200.0,-200.0,-200.0,-199.5,-0.3
0.6,857.0,-200.0,3.1,857.0,50.8,14.52,23.5,24.4,3.9
0.3,970.0,-200.0,5.0,970.0,48.0,0.4412,5.6,11.0,97.3
1.0,952.0,-200.0,3.2,952.0,49.4,0.4551,5.7,10.0,75.8
-200.0,1094.0,-200.0,14.8,1094.0,42.8,0.6177,12.5,16.4,31.2
-200.0,872.0,-200.0,2.5,872.0,47.2,16.803,27.2,27.7,1.7
1.3,1035.0,-200.0,6.9,1035.0,70.8,15.417,19.0,19.4,1.9
1.7,1051.0,-200.0,10.8,1051.0,23.6,0.8983,28.4,20.1,-29.3
5.6,1464.0,-200.0,30.3,1464.0,37.2,14.282,28.5,33.6,17.9
0.3,848.0,-200.0,0.7,848.0,80.3,10.444,10.9,11.2,2.8
3.9,1446.0,-200.0,21.2,1446.0,64.5,0.6702,7.5,8.6,15.2
-200.0,-200.0,-200.0,-200.0,-200.0,-200.0,-200.0,-200.0,-199.0,-0.5
1.1,953.0,-200.0,7.4,953.0,37.3,11.118,24.2,25.8,6.4
2.6,1354.0,358.0,14.4,1354.0,29.5,10.209,26.8,28.4,6.1
4.1,1236.0,-200.0,21.3,1236.0,45.7,0.9224,17.8,16.8,-5.9
3.7,1321.0,-200.0,17.5,1321.0,46.7,10.971,20.3,23.3,14.9
2.5,1156.0,-200.0,14.4,1156.0,41.0,16.096,28.9,30.4,5.3
2.6,1107.0,-200.0,7.4,1107.0,42.1,0.3883,5.7,12.1,112.2
2.1,1183.0,-200.0,7.9,1183.0,48.8,0.4903,6.9,9.6,39.7
4.0,1472.0,-200.0,19.8,1472.0,72.7,18.789,21.8,22.9,5.2
-200.0,1425.0,-200.0,18.5,1425.0,53.4,15.241,23.5,25.3,7.8
2.1,1215.0,-200.0,8.3,1215.0,58.3,0.938,14.2,7.2,-49.1
2.6,1150.0,251.0,9.9,1150.0,51.4,0.8886,15.3,13.1,-14.6
2.6,1081.0,236.0,9.3,1081.0,38.8,0.7584,17.3,16.9,-2.1
7.3,-200.0,-200.0,-200.0,-200.0,-200.0,-200.0,-200.0,-199.5,-0.2
-200.0,1050.0,-200.0,11.7,1050.0,16.5,11.037,38.5,32.9,-14.7
0.8,923.0,-200.0,2.2,923.0,70.4,10.793,13.4,14.1,5.2
1.7,1027.0,-200.0,8.9,1027.0,38.3,13.548,27.1,27.6,2.0
3.9,1388.0,457.0,21.6,1388.0,30.2,0.8718,23.7,22.8,-4.0
1.3,1009.0,-200.0,7.1,1009.0,34.2,0.4375,10.6,15.4,45.4
2.6,1490.0,-200.0,11.7,1490.0,50.0,0.9158,16.3,7.8,-52.4
0.4,828.0,-200.0,1.7,828.0,73.8,15.885,18.8,19.0,1.2
1.2,1006.0,-200.0,12.1,1006.0,23.4,10.15,30.7,30.3,-1.3
2.3,1132.0,-200.0,15.6,1132.0,48.4,12.119,21.3,25.4,19.2
-200.0,1075.0,-200.0,4.7,1075.0,68.1,0.6979,7.3,4.8,-34.4
1.3,924.0,-200.0,4.5,924.0,26.3,0.6054,19.9,17.6,-11.8
1.6,1195.0,-200.0,6.5,1195.0,57.9,0.9941,15.2,6.8,-55.4
3.3,1205.0,-200.0,12.8,1205.0,33.0,0.4331,11.0,16.1,46.1
1.1,859.0,-200.0,2.4,859.0,52.1,0.5918,8.8,10.2,15.6
-200.0,898.0,-200.0,4.2,898.0,41.2,11.561,23.2,24.8,6.7
-200.0,1424.0,-200.0,19.9,1424.0,58.1,15.951,22.8,25.4,11.5
2.7,1266.0,-200.0,14.1,1266.0,56.3,0.894,14.0,9.9,-29.1
1.0,924.0,-200.0,4.8,924.0,60.4,14.263,20.4,21.5,5.3
-200.0,851.0,-200.0,4.3,851.0,77.9,13.197,15.0,16.8,11.8
1.2,932.0,-200.0,4.5,932.0,69.9,10.371,12.9,14.8,14.9
2.1,1107.0,-200.0,8.1,1107.0,62.4,0.9258,12.9,7.3,-43.2
0.3,708.0,-200.0,0.5,708.0,49.0,10.63,19.0,21.7,14.3
1.6,985.0,-200.0,4.5,985.0,38.0,0.3584,6.0,13.3,121.9
2.9,1271.0,-200.0,11.5,1271.0,51.8,0.4698,5.4,9.4,74.8
-200.0,802.0,-200.0,1.2,802.0,80.0,0.967,9.8,3.4,-65.0
-200.0,-200.0,-200.0,-200.0,-200.0,-200.0,-200.0,-200.0,-199.0,-0.5
0.4,797.0,-200.0,1.5,797.0,48.1,12.259,21.6,22.9,6.2
1.7,1170.0,-200.0,9.5,1170.0,55.5,19.998,27.4,27.6,0.9
0.9,845.0,-200.0,2.0,845.0,62.7,0.5801,5.7,7.2,26.2
2.1,1169.0,-200.0,10.7,1169.0,62.0,10.904,15.6,17.6,12.9
0.7,933.0,-200.0,5.5,933.0,43.8,11.631,22.3,23.8,6.6
-200.0,1362.0,-200.0,19.3,1362.0,51.5,17.0,25.9,28.7,11.0
0.7,888.0,-200.0,3.5,888.0,49.3,11.596,20.3,21.8,7.4
1.2,1013.0,-200.0,4.8,1013.0,67.8,11.171,14.5,15.3,5.7
1.7,1124.0,-200.0,5.5,1124.0,72.1,0.6907,6.3,2.9,-53.5
1.0,1104.0,-200.0,4.0,1104.0,67.9,0.5183,2.9,3.4,19.0
3.5,1511.0,-200.0,21.4,1511.0,70.2,10.567,13.1,16.0,21.8
-200.0,989.0,-200.0,5.7,989.0,34.7,18.667,34.5,33.1,-4.2
3.0,1146.0,-200.0,14.9,1146.0,22.3,0.8116,27.6,21.2,-23.3
1.8,1072.0,-200.0,7.9,1072.0,60.4,11.633,17.1,18.6,8.8
4.3,1201.0,-200.0,25.0,1201.0,44.2,11.321,21.7,29.5,35.9
2.8,1157.0,-200.0,14.5,1157.0,69.7,15.675,19.6,22.1,12.7
4.4,1401.0,-200.0,25.8,1401.0,76.4,13.751,16.0,20.8,30.1
2.0,1186.0,188.0,9.9,1186.0,48.0,0.8569,15.8,13.2,-16.4
2.2,1056.0,-200.0,14.3,1056.0,18.1,10.887,36.5,32.9,-9.8
1.9,1030.0,-200.0,10.3,1030.0,49.4,17.602,27.3,29.1,6.7
3.0,1043.0,-200.0,16.1,1043.0,28.3,0.9407,26.1,21.5,-17.7
-200.0,979.0,-200.0,5.0,979.0,44.4,10.081,19.7,21.8,10.7
-200.0,944.0,-200.0,4.5,944.0,64.6,15.18,20.3,21.3,5.1
4.5,1565.0,-200.0,24.0,1565.0,77.9,0.9278,9.5,5.0,-46.9
1.1,1135.0,-200.0,5.7,1135.0,69.5,12.623,16.1,15.2,-5.6
3.6,1397.0,-200.0,21.8,1397.0,27.8,12.671,31.5,31.4,-0.4
3.1,1277.0,-200.0,19.9,1277.0,21.9,0.9708,31.0,22.2,-28.3
-200.0,785.0,-200.0,1.1,785.0,45.6,0.5128,8.7,12.7,46.0
1.8,998.0,-200.0,9.5,998.0,28.7,13.058,31.5,30.5,-3.2
0.9,863.0,-200.0,3.4,863.0,17.5,0.8622,32.9,20.5,-37.8
2.5,1185.0,-200.0,5.9,1185.0,66.3,0.5811,5.0,3.9,-22.6
0.8,938.0,-200.0,5.4,938.0,58.6,16.651,23.4,24.4,4.4
2.1,1221.0,-200.0,8.9,1221.0,57.5,0.944,14.5,7.7,-47.1
1.0,781.0,-200.0,3.9,781.0,19.9,0.3728,16.6,20.6,24.1
-200.0,1111.0,-200.0,13.1,1111.0,31.4,15.583,33.0,33.1,0.2
1.6,1086.0,-200.0,8.0,1086.0,76.8,0.8112,7.7,3.4,-55.5
-200.0,1035.0,-200.0,9.0,1035.0,44.1,0.5909,11.3,13.9,23.3
2.4,1305.0,-200.0,15.6,1305.0,39.4,15.147,28.5,28.7,0.7
2.9,1276.0,-200.0,14.6,1276.0,47.1,17.752,28.2,29.0,2.7
0.9,996.0,45.0,2.9,996.0,63.7,0.8325,11.0,7.0,-36.1
0.9,971.0,-200.0,6.2,971.0,53.9,16.89,25.1,25.9,3.3
4.5,1512.0,-200.0,23.3,1512.0,39.3,0.9615,20.9,16.1,-22.9
2.7,1260.0,263.0,12.0,1260.0,68.5,0.8794,10.7,8.0,-24.9
3.0,1385.0,-200.0,18.0,1385.0,32.7,13.229,29.5,28.9,-2.2
0.5,864.0,-200.0,2.6,864.0,51.8,18.05,26.9,27.2,1.2
0.7,853.0,-200.0,2.6,853.0,61.0,21.005,26.7,27.7,3.7
-200.0,1380.0,-200.0,26.3,1380.0,49.3,14.814,24.4,30.4,24.6
0.8,986.0,57.0,3.0,986.0,58.0,0.9488,14.5,9.0,-38.2
2.7,-200.0,-200.0,-200.0,-200.0,-200.0,-200.0,-200.0,-199.5,-0.3
2.1,1202.0,-200.0,9.5,1202.0,58.1,10.482,16.0,17.3,8.1
2.6,1222.0,-200.0,9.7,1222.0,44.6,0.4383,6.6,11.1,68.8
-200.0,1297.0,-200.0,10.7,1297.0,54.8,10.455,16.9,18.1,7.1
2.2,1008.0,-200.0,9.2,1008.0,15.3,0.3431,19.5,21.6,10.8
-200.0,905.0,-200.0,8.6,905.0,27.7,10.71,28.7,29.7,3.6
-200.0,1018.0,-200.0,7.5,1018.0,15.2,11.065,40.1,31.6,-21.2
3.1,1363.0,234.0,15.1,1363.0,65.4,13.529,18.2,21.2,16.7
5.3,1658.0,-200.0,27.1,1658.0,67.8,10.879,14.2,17.9,25.8
-200.0,995.0,-200.0,8.7,995.0,35.7,0.9329,22.0,16.9,-23.0
5.0,1332.0,-200.0,30.2,1332.0,47.7,11.448,20.6,29.5,43.4
0.8,773.0,-200.0,3.4,773.0,29.0,0.9928,26.6,18.5,-30.4
-200.0,1030.0,-200.0,6.8,1030.0,74.1,19.15,21.8,22.6,3.7
1.5,1107.0,-200.0,5.3,1107.0,66.1,0.9913,13.1,5.0,-61.8
0.9,839.0,-200.0,3.6,839.0,43.4,13.366,24.8,25.8,4.1
0.7,921.0,35.0,1.4,921.0,68.2,0.8091,9.5,5.9,-37.9
1.5,1067.0,-200.0,10.1,1067.0,33.8,0.4393,10.9,16.3,49.2
1.5,966.0,93.0,5.3,966.0,40.8,0.7542,16.4,15.1,-7.9
5.3,1502.0,-200.0,29.8,1502.0,20.4,11.646,35.6,35.0,-1.7
2.9,1120.0,-200.0,13.1,1120.0,44.7,11.451,21.7,24.7,13.9
3.4,1301.0,-200.0,19.3,1301.0,20.9,13.701,38.2,34.3,-10.3
-200.0,1118.0,-200.0,9.3,1118.0,70.1,15.626,19.4,20.4,5.2
4.4,1449.0,501.0,19.5,1449.0,61.1,13.345,19.1,24.7,29.5
2.2,973.0,-200.0,11.2,973.0,40.4,0.606,13.1,16.3,24.3
8.6,1510.0,-200.0,27.9,1510.0,57.5,0.9829,15.2,13.3,-12.3
2.2,1323.0,-200.0,14.6,1323.0,48.3,10.723,19.3,21.2,10.0
0.5,877.0,-200.0,5.6,877.0,57.0,0.4434,3.2,10.0,212.3
1.1,1023.0,-200.0,8.0,1023.0,33.1,0.4256,10.7,16.0,49.2
1.0,936.0,-200.0,6.8,936.0,57.4,13.753,20.6,22.6,9.9
4.0,1276.0,-200.0,21.6,1276.0,26.3,0.9317,27.2,21.8,-19.8
1.2,953.0,-200.0,5.4,953.0,28.0,11.558,29.8,27.8,-6.7
-200.0,951.0,-200.0,4.0,951.0,49.8,0.9544,16.9,11.3,-33.0
0.5,843.0,-200.0,4.2,843.0,30.7,0.8461,22.9,17.4,-23.9
0.5,906.0,-200.0,3.0,906.0,60.3,21.074,26.9,27.5,2.1
0.5,805.0,-200.0,1.6,805.0,79.8,0.7872,6.7,2.9,-56.0
1.8,1061.0,-200.0,7.7,1061.0,80.8,11.264,12.0,12.6,5.2
-200.0,796.0,-200.0,2.2,796.0,33.1,13.22,29.3,28.9,-1.4
0.9,959.0,-200.0,6.0,959.0,64.1,10.346,14.2,16.8,18.4
2.3,1210.0,188.0,9.5,1210.0,31.3,0.6887,19.2,17.2,-10.5
2.2,1114.0,-200.0,8.6,1114.0,36.3,0.4074,8.7,14.2,63.5
4.0,1531.0,-200.0,23.6,1531.0,69.6,10.206,12.7,16.6,30.6
1.9,1238.0,-200.0,10.2,1238.0,33.1,0.6779,18.0,14.6,-18.8
2.1,-200.0,128.0,-200.0,-200.0,-200.0,-200.0,-200.0,-197.7,-1.1
1.8,943.0,-200.0,4.1,943.0,32.9,0.4131,10.3,15.1,46.7
3.5,1293.0,-200.0,17.9,1293.0,44.4,0.6512,12.7,14.5,14.2
0.5,894.0,-200.0,4.0,894.0,37.8,11.077,24.0,24.7,2.7
0.6,810.0,-200.0,2.2,810.0,20.5,0.9699,32.2,19.8,-38.4
2.3,1255.0,-200.0,20.1,1255.0,50.6,0.5184,7.3,14.2,94.4
5.0,1440.0,-200.0,30.2,1440.0,52.4,14.442,22.9,29.8,30.1
1.6,1102.0,-200.0,6.0,1102.0,59.6,0.9563,14.1,7.2,-49.1
0.7,836.0,-200.0,4.7,836.0,45.9,11.088,20.7,23.5,13.4
2.5,1198.0,-200.0,7.9,1198.0,54.6,0.5786,7.8,7.9,1.6
5.1,1519.0,-200.0,26.3,1519.0,65.8,10.727,14.4,19.6,36.1
2.9,1204.0,-200.0,16.8,1204.0,58.5,0.9688,14.7,11.5,-22.0
4.3,1544.0,-200.0,24.2,1544.0,67.1,17.94,22.4,24.9,11.2
3.9,1344.0,-200.0,27.7,1344.0,37.9,10.988,23.7,30.5,28.5
1.0,1001.0,-200.0,3.4,1001.0,65.1,11.654,15.9,16.0,0.7
0.7,1126.0,-200.0,7.6,1126.0,34.1,0.6775,17.5,14.5,-17.3
2.9,1412.0,-200.0,18.6,1412.0,50.9,15.856,24.9,26.3,5.7
0.3,925.0,-200.0,4.1,925.0,46.3,11.501,21.2,22.4,5.5
0.9,926.0,-200.0,4.3,926.0,35.0,0.3567,7.2,14.8,105.3
2.1,1212.0,-200.0,8.5,1212.0,46.0,0.9104,17.5,10.8,-38.5
3.4,1313.0,-200.0,17.1,1313.0,73.4,16.192,19.2,20.9,8.8
2.0,1065.0,-200.0,6.7,1065.0,33.3,0.3591,8.0,14.7,83.7
4.3,1409.0,-200.0,18.8,1409.0,63.3,10.92,15.3,18.2,19.0
2.3,1144.0,-200.0,11.9,1144.0,17.0,12.793,40.7,32.8,-19.3
1.5,1012.0,128.0,5.8,1012.0,27.1,0.5522,18.0,18.6,3.2
8.7,1704.0,-200.0,36.1,1704.0,50.3,0.51,7.1,16.4,131.6
1.7,1054.0,-200.0,10.2,1054.0,33.4,17.186,33.7,32.8,-2.6
1.1,1067.0,93.0,4.3,1067.0,71.8,0.9671,11.4,5.0,-56.5
1.4,926.0,-200.0,7.7,926.0,14.0,0.4495,25.5,22.4,-12.3
2.5,1213.0,-200.0,12.3,1213.0,22.9,0.6571,23.6,18.8,-20.5
0.4,752.0,-200.0,1.2,752.0,52.0,0.8878,15.1,11.2,-25.6
6.4,1609.0,-200.0,29.7,1609.0,46.4,0.9867,18.6,16.1,-13.6
1.8,1077.0,-200.0,9.6,1077.0,62.0,17.127,22.9,24.3,5.9
0.9,938.0,-200.0,5.5,938.0,62.2,11.507,16.4,18.5,12.7
0.6,881.0,-200.0,2.9,881.0,38.2,12.296,25.5,25.4,-0.6
4.3,1313.0,-200.0,16.9,1313.0,75.2,0.7505,6.9,5.3,-23.1
2.9,972.0,-200.0,11.8,972.0,20.8,0.3757,16.0,21.8,36.3
1.1,1034.0,71.0,4.1,1034.0,67.2,0.863,10.7,6.3,-40.8
2.5,1077.0,-200.0,9.6,1077.0,49.8,0.4613,5.8,11.5,97.7
3.8,1546.0,-200.0,15.1,1546.0,43.8,0.9252,18.5,10.4,-43.6
1.1,862.0,-200.0,4.3,862.0,41.9,0.8674,18.2,14.2,-22.2
3.4,1235.0,-200.0,14.0,1235.0,81.4,0.7055,4.8,3.1,-35.4
1.7,1187.0,-200.0,6.8,1187.0,72.7,0.7598,7.6,2.7,-64.8
1.0,918.0,-200.0,6.4,918.0,51.3,12.131,20.4,22.8,11.8
3.1,1350.0,208.0,14.0,1350.0,41.7,0.632,13.2,14.8,12.1
3.2,1190.0,-200.0,16.8,1190.0,43.2,13.805,25.4,28.3,11.6
1.2,966.0,-200.0,5.2,966.0,40.5,12.362,24.6,24.8,1.0
1.7,1142.0,-200.0,8.6,1142.0,24.7,0.7928,25.5,17.5,-31.5
2.4,1409.0,-200.0,17.4,1409.0,65.9,10.552,14.1,16.5,16.7
1.4,1036.0,-200.0,7.0,1036.0,39.1,14.881,28.4,27.7,-2.5
2.7,1342.0,202.0,13.7,1342.0,61.0,12.352,17.8,20.7,16.5
1.8,964.0,-200.0,8.1,964.0,16.8,0.2672,14.0,21.1,50.9
0.3,1119.0,-200.0,5.3,1119.0,68.9,0.8388,9.9,3.9,-60.3
1.1,911.0,-200.0,5.1,911.0,60.7,13.11,18.9,20.6,9.0
1.3,923.0,-200.0,4.4,923.0,87.1,0.8652,6.8,0.9,-86.9
0.5,758.0,-200.0,1.5,758.0,53.3,0.8807,14.6,10.9,-25.1
-200.0,1174.0,-200.0,8.7,1174.0,78.2,0.7074,5.4,2.7,-49.9
1.4,1057.0,-200.0,8.6,1057.0,75.4,15.441,18.0,18.7,3.7
0.9,948.0,-200.0,6.4,948.0,55.2,16.604,24.4,25.7,5.3
-200.0,894.0,-200.0,4.9,894.0,49.9,13.849,23.0,24.9,8.4
-200.0,1165.0,-200.0,17.5,1165.0,16.4,0.7167,30.8,24.3,-21.2
4.2,1171.0,-200.0,9.5,1171.0,60.2,0.5458,5.5,7.4,35.3
2.8,1466.0,-200.0,15.8,1466.0,39.8,12.771,25.4,24.4,-4.0
4.0,1475.0,-200.0,21.0,1475.0,57.9,16.376,23.3,25.3,8.4
1.9,1096.0,-200.0,8.8,1096.0,46.4,14.206,24.7,25.1,1.7
2.5,1108.0,-200.0,9.2,1108.0,59.4,10.628,15.9,18.1,13.8
0.4,814.0,-200.0,0.6,814.0,37.5,0.3012,3.7,13.6,268.3
-200.0,1049.0,-200.0,8.7,1049.0,33.2,17.395,34.0,32.9,-3.1
-200.0,809.0,-200.0,3.8,809.0,51.6,12.784,21.1,24.0,13.5
1.2,900.0,-200.0,3.8,900.0,80.0,0.9299,9.1,2.9,-67.9
1.0,953.0,86.0,4.4,953.0,44.7,0.9186,18.1,13.9,-23.4
3.6,1385.0,-200.0,22.1,1385.0,53.1,13.649,21.7,25.6,17.9
0.7,858.0,-200.0,4.9,858.0,57.3,12.65,19.3,21.7,12.2
-200.0,-200.0,-200.0,-200.0,-200.0,-200.0,-200.0,-200.0,-199.0,-0.5
1.4,1023.0,-200.0,5.2,1023.0,42.3,0.4974,9.3,12.1,30.4
-200.0,995.0,-200.0,5.7,995.0,28.3,15.338,34.6,31.5,-8.9
0.9,789.0,-200.0,3.4,789.0,32.1,0.6073,16.8,17.1,1.7
-200.0,1347.0,-200.0,16.2,1347.0,55.6,14.99,22.5,24.3,8.2
2.3,1269.0,-200.0,11.9,1269.0,39.3,10.6,22.6,23.0,1.6
1.5,998.0,-200.0,7.1,998.0,43.3,0.8341,17.0,13.4,-21.2
0.4,828.0,-200.0,2.5,828.0,49.2,14.153,23.6,24.6,4.1
4.3,1537.0,-200.0,22.9,1537.0,67.8,12.276,16.0,18.7,16.7
3.9,1413.0,-200.0,21.6,1413.0,29.7,0.6973,20.3,18.9,-6.7
-200.0,798.0,-200.0,2.2,798.0,57.4,0.9564,14.7,10.2,-30.4
3.0,1382.0,-200.0,16.7,1382.0,64.8,0.441,1.3,6.9,434.2
-200.0,1017.0,-200.0,3.5,1017.0,49.4,18.209,27.8,27.1,-2.5
-200.0,1091.0,-200.0,8.6,1091.0,50.5,20.767,29.7,30.8,3.8
0.6,848.0,-200.0,3.7,848.0,35.7,11.499,25.5,26.1,2.3
4.0,1392.0,-200.0,16.4,1392.0,59.9,0.9335,13.7,8.5,-37.9
1.0,-200.0,-200.0,-200.0,-200.0,-200.0,-200.0,-200.0,-199.5,-0.3
1.2,1052.0,-200.0,3.9,1052.0,69.9,10.526,13.2,13.2,0.0
0.9,1080.0,-200.0,5.1,1080.0,51.7,0.4123,3.6,8.7,141.0
1.6,1132.0,-200.0,9.7,1132.0,65.7,16.319,21.2,21.8,2.9
-200.0,1221.0,-200.0,19.9,1221.0,61.7,13.393,19.0,24.4,28.7
0.8,839.0,-200.0,1.4,839.0,65.9,0.7757,9.3,6.3,-32.5
3.3,1131.0,-200.0,16.5,1131.0,33.4,13.169,29.0,31.0,7.0
2.0,1016.0,-200.0,9.1,1016.0,84.4,0.6943,4.0,2.6,-35.1
3.1,1196.0,-200.0,16.9,1196.0,34.3,14.414,30.1,31.4,4.2
0.5,848.0,-200.0,1.1,848.0,43.7,0.7163,14.5,12.1,-16.3
1.6,1047.0,-200.0,8.2,1047.0,35.4,0.7812,19.2,15.5,-19.4
2.5,1058.0,-200.0,4.8,1058.0,66.8,0.5215,3.3,4.7,42.8
3.3,1448.0,-200.0,20.9,1448.0,32.9,0.8209,21.3,17.4,-18.3
-200.0,1468.0,-200.0,24.4,1468.0,69.0,15.877,19.9,24.0,20.4
-200.0,856.0,-200.0,4.5,856.0,63.7,14.419,19.6,21.9,11.9
2.4,-200.0,160.0,-200.0,-200.0,-200.0,-200.0,-200.0,-197.6,-1.2
0.6,947.0,-200.0,1.6,947.0,73.8,10.054,11.6,11.8,2.1
0.5,864.0,-200.0,2.8,864.0,36.2,0.6752,16.5,14.8,-10.3
2.5,1024.0,-200.0,13.8,1024.0,32.4,10.17,25.1,28.4,13.2
1.4,1034.0,-200.0,5.0,1034.0,57.2,0.9698,15.0,8.2,-45.3
0.6,945.0,-200.0,1.8,945.0,81.8,10.416,10.5,10.1,-3.8
0.3,916.0,-200.0,4.2,916.0,49.7,0.4305,4.8,10.8,126.0
0.6,800.0,-200.0,2.6,800.0,63.3,17.895,23.3,24.7,5.9
0.7,935.0,-200.0,4.1,935.0,48.5,11.319,20.2,21.5,6.3
2.0,1028.0,-200.0,12.3,1028.0,24.4,12.32,33.3,31.9,-4.1
-200.0,1066.0,-200.0,6.3,1066.0,65.9,15.321,20.1,20.5,1.9
2.1,1110.0,-200.0,9.2,1110.0,70.7,12.672,15.9,16.9,6.4
2.3,1276.0,-200.0,13.5,1276.0,18.6,0.8948,32.5,20.0,-38.5
3.3,1385.0,-200.0,17.3,1385.0,68.1,10.441,13.4,16.0,19.3
-200.0,904.0,-200.0,2.9,904.0,64.7,0.7575,9.3,7.0,-24.4
2.4,1101.0,-200.0,8.9,1101.0,39.9,0.5804,12.6,13.7,8.7
0.7,981.0,-200.0,5.8,981.0,37.2,0.4788,10.7,14.3,34.0
-200.0,-200.0,-200.0,-200.0,-200.0,-200.0,-200.0,-200.0,-199.0,-0.5
-200.0,1053.0,-200.0,13.7,1053.0,17.3,11.729,38.7,34.2,-11.5
1.7,948.0,-200.0,5.7,948.0,48.4,0.8069,14.8,11.9,-19.6
1.5,985.0,-200.0,8.5,985.0,18.9,0.6344,26.3,20.8,-20.8
1.8,1225.0,-200.0,8.1,1225.0,71.7,0.7439,7.5,3.1,-58.7
5.1,1676.0,-200.0,29.3,1676.0,55.7,13.205,20.4,24.3,19.2
2.9,1354.0,-200.0,13.3,1354.0,45.0,0.7895,15.5,11.5,-25.9
3.6,1282.0,-200.0,13.8,1282.0,50.0,10.431,18.3,20.6,12.5
1.5,915.0,-200.0,5.2,915.0,40.2,0.2478,-0.2,13.8,-7001.7
-200.0,1143.0,-200.0,14.1,1143.0,30.5,14.083,31.8,31.9,0.4
-200.0,1005.0,-200.0,8.0,1005.0,46.3,14.486,25.1,26.7,6.3
4.3,1508.0,-200.0,23.1,1508.0,75.0,0.9179,10.0,6.1,-38.9
2.0,966.0,-200.0,14.4,966.0,13.6,0.7836,35.7,25.5,-28.5
3.3,1303.0,-200.0,14.4,1303.0,55.6,11.12,17.7,19.7,11.4
5.5,1514.0,-200.0,34.3,1514.0,62.7,14.61,20.1,28.2,40.2
1.3,909.0,-200.0,6.3,909.0,16.7,0.2062,10.1,20.9,106.9
0.7,851.0,-200.0,3.0,851.0,57.6,14.469,21.4,22.5,5.1
-200.0,984.0,-200.0,6.9,984.0,62.0,15.002,20.8,22.6,8.4
0.8,869.0,68.0,2.8,869.0,72.1,0.7798,8.1,6.3,-22.4
0.5,853.0,-200.0,4.1,853.0,45.8,11.965,22.0,23.9,8.4
3.8,1277.0,-200.0,19.3,1277.0,36.4,14.718,29.4,31.2,6.3
0.6,797.0,54.0,2.3,797.0,18.9,0.4993,22.2,21.4,-3.7
2.9,1300.0,-200.0,13.9,1300.0,46.9,0.6919,12.8,11.8,-7.7
4.1,1410.0,-200.0,22.4,1410.0,42.8,0.6761,13.9,15.7,12.9
1.6,1036.0,-200.0,9.1,1036.0,19.5,11.539,36.3,30.9,-14.9
-200.0,1433.0,-200.0,28.3,1433.0,24.3,0.794,25.8,24.1,-6.8
0.3,781.0,-200.0,0.4,781.0,48.0,0.3879,3.8,11.1,192.3
-200.0,711.0,-200.0,2.8,711.0,11.8,0.7107,36.6,24.0,-34.4
-200.0,902.0,-200.0,3.9,902.0,62.3,16.266,22.0,23.3,5.7
-200.0,1054.0,-200.0,8.9,1054.0,49.0,14.724,24.3,26.0,7.0
1.9,1280.0,-200.0,9.9,1280.0,80.8,14.602,16.0,14.2,-11.2
-200.0,1286.0,-200.0,15.8,1286.0,42.0,17.602,30.1,31.2,3.7
-200.0,849.0,-200.0,2.3,849.0,40.9,11.677,23.5,24.6,4.8
-200.0,1410.0,-200.0,21.6,1410.0,31.8,13.908,30.8,31.7,3.0
2.1,1300.0,-200.0,7.4,1300.0,60.9,10.398,15.1,14.2,-6.0
1.4,990.0,-200.0,8.0,990.0,71.2,14.396,17.8,19.4,8.7
2.0,1141.0,-200.0,10.5,1141.0,31.8,16.837,34.2,32.0,-6.4
3.4,1440.0,-200.0,19.9,1440.0,54.7,15.87,23.8,25.6,7.4
2.4,1006.0,-200.0,10.7,1006.0,24.9,0.4178,14.9,19.8,32.6
-200.0,1257.0,-200.0,20.4,1257.0,48.8,0.643,11.1,15.5,39.2
0.4,793.0,-200.0,2.0,793.0,58.8,10.309,15.5,18.4,18.5
-200.0,1778.0,-200.0,41.6,1778.0,47.5,15.39,25.6,33.9,32.6
0.8,948.0,-200.0,3.8,948.0,73.1,0.9554,11.0,4.3,-61.2
-200.0,887.0,-200.0,2.9,887.0,80.2,0.9533,9.5,3.1,-67.1
2.8,1182.0,-200.0,12.6,1182.0,36.0,0.4333,9.7,15.4,59.0
-200.0,965.0,-200.0,6.4,965.0,39.5,12.949,25.8,26.8,3.9
1.7,-200.0,222.0,-200.0,-200.0,-200.0,-200.0,-200.0,-197.2,-1.4
3.4,1307.0,-200.0,19.3,1307.0,42.8,14.713,26.6,29.1,9.4
6.6,1646.0,-200.0,30.8,1646.0,73.6,12.691,15.3,19.9,30.4
1.1,930.0,-200.0,5.7,930.0,49.1,10.435,18.6,21.3,14.4
-200.0,1036.0,-200.0,4.7,1036.0,57.6,0.8223,12.3,8.3,-32.5
-200.0,1263.0,-200.0,19.5,1263.0,24.2,12.857,34.3,33.6,-2.0
3.7,-200.0,-200.0,-200.0,-200.0,-200.0,-200.0,-200.0,-199.5,-0.3
4.9,1501.0,-200.0,23.6,1501.0,72.7,12.872,15.7,18.7,19.0
4.7,1440.0,-200.0,25.5,1440.0,27.0,0.8821,25.8,21.4,-17.0
2.1,1120.0,-200.0,9.0,1120.0,71.1,0.6973,6.6,5.0,-24.9
0.9,989.0,-200.0,3.2,989.0,63.5,0.7268,8.9,5.9,-33.6
0.7,936.0,-200.0,2.4,936.0,40.0,0.6168,13.5,12.6,-6.7
3.7,1304.0,-200.0,19.1,1304.0,33.3,10.679,25.4,27.8,9.3
1.9,1041.0,-200.0,10.0,1041.0,36.6,13.603,28.0,28.5,1.9
1.0,982.0,-200.0,6.5,982.0,69.2,15.808,19.8,20.6,4.3
4.7,1198.0,-200.0,19.8,1198.0,18.3,0.2996,14.5,23.5,62.1
2.9,1328.0,468.0,14.2,1328.0,44.1,0.9855,19.4,16.2,-16.4
2.2,1148.0,-200.0,12.4,1148.0,49.3,12.271,21.2,23.5,11.1
0.5,853.0,-200.0,2.6,853.0,67.4,17.262,21.7,22.3,2.6
-200.0,974.0,-200.0,8.5,974.0,49.2,11.754,20.6,23.9,15.8
-200.0,812.0,-200.0,1.6,812.0,64.0,10.042,13.8,16.7,21.4
1.2,1045.0,55.0,4.9,1045.0,62.2,0.8199,11.1,7.8,-29.3
0.7,942.0,-200.0,4.9,942.0,51.6,19.269,28.1,28.6,1.8
1.8,1078.0,137.0,8.8,1078.0,40.6,0.8771,18.9,15.8,-16.3
-200.0,1062.0,-200.0,8.2,1062.0,35.4,17.504,33.0,32.0,-2.9
2.9,954.0,-200.0,4.5,954.0,44.1,0.5332,9.8,12.2,24.2
1.4,980.0,-200.0,5.0,980.0,47.1,0.3638,3.1,11.1,258.0
1.2,1022.0,-200.0,6.8,1022.0,23.8,17.127,39.9,34.2,-14.3
1.7,1024.0,-200.0,6.2,1024.0,69.7,0.7632,8.3,5.2,-36.8
1.0,840.0,-200.0,4.9,840.0,46.8,0.9054,17.1,13.4,-21.7
1.4,1028.0,-200.0,5.2,1028.0,68.2,0.8979,11.1,5.3,-52.6
1.4,940.0,-200.0,6.4,940.0,22.7,0.3529,13.6,19.0,40.0
0.5,798.0,-200.0,3.4,798.0,53.8,12.569,20.2,22.6,11.7
1.5,1046.0,-200.0,6.0,1046.0,51.6,0.4226,3.9,9.6,145.4
-200.0,1302.0,-200.0,18.7,1302.0,37.5,10.389,23.0,26.7,15.9
1.7,969.0,-200.0,6.7,969.0,70.4,15.259,18.9,20.0,6.0
-200.0,1108.0,-200.0,10.2,1108.0,27.2,16.623,36.8,33.9,-8.0
2.2,1161.0,-200.0,12.7,1161.0,28.9,17.359,36.5,34.1,-6.5
-200.0,1126.0,-200.0,11.9,1126.0,56.0,12.623,19.6,22.6,15.2
1.7,1062.0,-200.0,10.2,1062.0,46.6,14.733,25.2,26.7,5.9
1.5,1205.0,-200.0,6.3,1205.0,73.3,12.655,15.3,13.6,-11.2
-200.0,1095.0,-200.0,7.0,1095.0,49.1,0.5629,8.9,10.8,21.4
-200.0,1299.0,-200.0,12.7,1299.0,52.5,15.83,24.4,24.9,2.1
1.0,871.0,-200.0,5.0,871.0,15.3,10.963,39.7,31.6,-20.5
2.0,1281.0,93.0,7.5,1281.0,31.4,0.7812,21.2,14.9,-29.7
1.9,1052.0,-200.0,10.3,1052.0,63.3,14.672,20.0,22.2,10.8
1.5,1040.0,-200.0,8.6,1040.0,66.5,17.441,22.1,23.3,5.4
1.9,1022.0,-200.0,6.6,1022.0,41.3,0.4145,6.9,13.0,88.6
-200.0,1354.0,-200.0,24.5,1354.0,35.0,0.9002,21.8,20.3,-6.8
2.3,1205.0,-200.0,10.5,1205.0,45.1,11.687,21.9,22.5,2.8
-200.0,807.0,-200.0,3.1,807.0,26.3,12.523,32.4,30.4,-6.1
0.6,815.0,-200.0,2.6,815.0,65.2,10.811,14.7,17.1,16.3
4.0,1253.0,-200.0,17.9,1253.0,60.8,10.88,15.9,20.4,28.1
-200.0,932.0,-200.0,4.0,932.0,48.4,11.663,20.7,22.3,7.9
3.3,1322.0,-200.0,17.3,1322.0,61.1,10.007,14.5,18.3,26.1
3.6,1428.0,-200.0,19.7,1428.0,61.8,0.9313,13.2,9.1,-30.8
2.1,941.0,-200.0,9.0,941.0,20.0,0.4278,18.8,21.1,12.3
2.0,1021.0,-200.0,10.8,1021.0,28.5,11.809,29.8,29.7,-0.4
5.6,1521.0,-200.0,30.7,1521.0,64.2,0.7544,9.3,12.5,34.1
2.0,1186.0,-200.0,8.0,1186.0,72.6,10.422,12.4,12.7,2.2
1.7,1111.0,-200.0,8.7,1111.0,36.0,18.692,33.9,32.1,-5.2
0.7,890.0,-200.0,4.3,890.0,70.5,13.504,16.9,18.1,7.3
4.0,1166.0,-200.0,20.3,1166.0,33.6,12.095,27.4,31.3,14.4
1.0,844.0,-200.0,3.5,844.0,32.2,0.8407,22.0,16.7,-24.3
0.5,780.0,-200.0,2.5,780.0,54.3,12.926,20.5,22.6,10.0
3.2,1336.0,-200.0,21.6,1336.0,63.5,15.941,21.3,25.3,18.7
2.8,1221.0,-200.0,15.8,1221.0,28.9,10.019,26.8,27.8,3.6
2.0,1016.0,-200.0,10.0,1016.0,41.0,11.006,22.4,25.1,12.0
2.3,1142.0,-200.0,6.8,1142.0,81.2,0.6721,4.1,0.8,-80.8
-200.0,-200.0,-200.0,-200.0,-200.0,-200.0,-200.0,-200.0,-199.0,-0.5
0.9,899.0,-200.0,3.0,899.0,26.8,12.477,31.9,28.5,-10.6
1.7,1247.0,-200.0,9.6,1247.0,56.1,16.298,23.8,23.0,-3.4
1.1,904.0,-200.0,3.0,904.0,72.2,10.525,12.7,14.0,9.9
2.2,1101.0,-200.0,10.2,1101.0,33.2,0.8098,20.9,16.4,-21.5
1.2,959.0,-200.0,5.0,959.0,30.3,14.125,31.9,29.4,-7.9
-200.0,812.0,-200.0,3.4,812.0,51.6,13.171,21.6,24.1,11.6
1.2,939.0,-200.0,2.8,939.0,47.9,0.4867,7.1,10.4,47.0
3.9,-200.0,-200.0,-200.0,-200.0,-200.0,-200.0,-200.0,-199.5,-0.3
-200.0,1640.0,-200.0,28.0,1640.0,56.9,17.472,24.7,28.5,15.3
2.2,1072.0,-200.0,12.0,1072.0,24.4,12.472,33.6,31.4,-6.5
-200.0,947.0,-200.0,4.8,947.0,44.8,0.9104,17.9,13.1,-26.8
1.7,1055.0,-200.0,9.0,1055.0,24.8,13.854,35.2,31.4,-10.8
-200.0,1188.0,-200.0,12.9,1188.0,27.3,0.6856,21.3,18.7,-12.3
4.0,1542.0,-200.0,15.4,1542.0,67.9,0.9119,11.4,3.9,-65.6
2.3,1032.0,-200.0,9.3,1032.0,44.7,0.4186,5.9,13.3,124.7
0.7,868.0,-200.0,1.8,868.0,63.3,0.6123,6.4,6.7,4.3
3.6,1286.0,-200.0,17.4,1286.0,15.6,0.5782,27.9,22.3,-20.2
0.3,889.0,-200.0,2.7,889.0,51.6,0.9461,16.3,10.4,-36.0
2.9,1188.0,-200.0,11.4,1188.0,47.0,0.6686,12.2,11.9,-2.1
1.2,1067.0,-200.0,9.0,1067.0,24.8,10.16,29.7,27.7,-6.9
1.1,1012.0,94.0,4.8,1012.0,47.0,0.8325,15.7,12.6,-19.4
2.4,-200.0,-200.0,-200.0,-200.0,-200.0,-200.0,-200.0,-199.5,-0.3
2.5,1157.0,305.0,12.6,1157.0,28.6,0.5735,17.7,20.6,16.4
2.8,975.0,-200.0,9.0,975.0,29.6,0.3545,9.6,17.9,87.0
2.1,1194.0,-200.0,10.6,1194.0,64.4,17.005,22.2,22.5,1.4
2.3,1078.0,-200.0,14.0,1078.0,15.3,11.485,40.6,33.9,-16.6
2.3,1224.0,278.0,10.1,1224.0,50.9,0.8997,15.7,12.5,-20.1
-200.0,1046.0,-200.0,5.8,1046.0,65.3,15.321,20.3,20.6,1.7
4.6,1808.0,262.0,20.6,1808.0,41.7,0.8732,18.4,12.8,-30.2
3.5,1314.0,-200.0,18.8,1314.0,66.3,14.14,18.7,21.7,15.9
1.0,1053.0,-200.0,7.0,1053.0,50.5,0.453,5.3,10.3,94.5
-200.0,816.0,-200.0,2.6,816.0,51.4,11.688,19.7,22.3,13.1
0.6,878.0,-200.0,3.8,878.0,70.8,14.794,18.3,19.2,4.9
1.0,1075.0,39.0,3.9,1075.0,67.4,0.9375,11.9,5.6,-53.2
-200.0,1097.0,-200.0,6.5,1097.0,48.2,14.883,24.8,24.7,-0.5
2.5,1195.0,-200.0,10.7,1195.0,44.2,0.3943,5.2,12.0,131.4
2.4,1089.0,-200.0,8.3,1089.0,40.3,0.374,5.8,13.2,128.3
1.9,1196.0,67.0,7.4,1196.0,63.9,0.7423,9.1,6.7,-26.3
3.2,1474.0,-200.0,15.3,1474.0,43.2,0.8926,18.2,11.6,-36.5
1.1,1144.0,29.0,3.2,1144.0,59.6,0.7417,10.2,6.3,-38.2
3.8,1310.0,-200.0,20.2,1310.0,56.6,0.9367,14.6,12.3,-15.8
1.2,972.0,-200.0,3.4,972.0,69.3,0.7413,7.9,4.6,-41.5
6.5,1761.0,830.0,32.6,1761.0,50.8,11.924,20.2,30.5,50.7
0.4,1152.0,-200.0,4.9,1152.0,57.3,0.7015,10.0,6.4,-35.8
1.9,1180.0,-200.0,7.5,1180.0,60.4,0.9622,14.0,6.7,-52.0
1.7,905.0,-200.0,8.8,905.0,21.3,0.8054,28.3,21.5,-24.2
-200.0,1405.0,-200.0,22.8,1405.0,56.5,13.051,20.0,24.7,23.4
-200.0,885.0,-200.0,2.1,885.0,78.2,11.664,13.0,13.7,5.5
1.2,895.0,-200.0,6.7,895.0,22.8,0.501,19.1,19.9,4.0
1.7,1032.0,-200.0,6.8,1032.0,81.1,10.928,11.4,12.1,6.4
4.7,1237.0,-200.0,16.5,1237.0,76.6,0.8678,8.8,5.8,-34.4
1.4,837.0,-200.0,6.0,837.0,31.2,0.7127,19.8,18.1,-8.5
1.3,1053.0,-200.0,8.8,1053.0,40.5,14.835,27.7,27.9,0.8
4.8,1513.0,-200.0,26.0,1513.0,49.8,0.9877,17.5,14.5,-17.0
1.2,1100.0,-200.0,5.1,1100.0,52.5,0.8497,14.3,8.6,-39.6
-200.0,834.0,-200.0,4.1,834.0,55.9,0.985,15.6,11.1,-28.5
1.0,865.0,-200.0,1.7,865.0,49.0,0.3725,2.9,10.4,258.7
0.5,959.0,-200.0,5.1,959.0,35.4,0.4877,11.8,14.8,25.2
3.6,1451.0,210.0,14.0,1451.0,33.8,0.709,18.4,15.8,-14.0
2.1,1074.0,-200.0,12.8,1074.0,36.9,11.302,24.7,27.2,10.0
1.5,1164.0,-200.0,8.2,1164.0,50.1,10.539,18.5,19.4,4.9
-200.0,1077.0,-200.0,10.9,1077.0,42.6,12.866,24.4,26.7,9.3
-200.0,1069.0,-200.0,13.1,1069.0,28.4,0.7804,22.8,20.0,-12.1
4.3,1373.0,-200.0,22.5,1373.0,22.6,11.658,33.7,32.5,-3.6
-200.0,1362.0,-200.0,17.5,1362.0,42.0,15.735,28.1,29.3,4.2
5.5,1605.0,-200.0,23.7,1605.0,58.3,12.514,18.8,21.1,12.2
0.6,892.0,51.0,2.8,892.0,50.1,0.9331,16.5,12.2,-26.2
1.6,966.0,-200.0,9.5,966.0,46.3,11.913,21.8,24.9,14.1
2.9,1126.0,-200.0,7.3,1126.0,66.7,0.5281,3.4,5.1,50.4
1.5,846.0,-200.0,8.8,846.0,18.0,0.7613,30.2,23.1,-23.6
-200.0,825.0,-200.0,3.1,825.0,67.4,10.703,14.0,17.0,21.5
-200.0,1005.0,-200.0,7.9,1005.0,31.4,0.9132,23.8,17.6,-26.0
-200.0,840.0,-200.0,1.6,840.0,46.7,0.5191,8.5,12.0,40.8
1.9,1192.0,-200.0,10.4,1192.0,58.0,12.581,19.0,19.9,4.8
4.2,1609.0,258.0,19.6,1609.0,42.4,0.7569,15.8,14.5,-8.3
2.5,1188.0,-200.0,9.0,1188.0,42.8,0.7182,14.8,12.0,-18.9
2.2,1071.0,-200.0,10.7,1071.0,73.2,14.515,17.5,19.2,9.8
0.5,919.0,-200.0,1.6,919.0,64.2,0.9664,13.2,6.0,-54.2
6.5,1706.0,-200.0,33.9,1706.0,54.2,0.6183,8.9,14.4,61.6
2.1,1121.0,238.0,11.3,1121.0,27.4,0.6941,21.5,20.5,-4.5
-200.0,1146.0,-200.0,14.2,1146.0,43.9,13.184,24.4,27.4,12.1
1.0,1033.0,70.0,3.6,1033.0,74.8,10.38,11.9,13.2,11.1
1.7,1032.0,-200.0,9.0,1032.0,30.9,12.958,30.1,29.1,-3.3
2.8,1496.0,-200.0,16.8,1496.0,23.1,0.818,27.1,17.5,-35.3
2.9,1163.0,-200.0,9.4,1163.0,54.4,10.839,17.6,19.1,8.5
0.5,912.0,-200.0,3.9,912.0,45.8,14.801,25.6,25.8,0.7
4.6,1357.0,-200.0,25.6,1357.0,27.7,14.213,33.7,35.2,4.6
-200.0,1279.0,-200.0,14.0,1279.0,48.2,14.802,24.7,26.0,5.2
1.4,1038.0,-200.0,9.3,1038.0,47.6,15.318,25.5,26.8,5.2
-200.0,951.0,-200.0,5.0,951.0,74.0,0.9176,10.2,5.0,-50.6
1.5,1006.0,-200.0,7.9,1006.0,45.1,19.129,30.3,30.9,2.1
0.8,786.0,-200.0,2.2,786.0,42.6,0.5595,11.0,13.6,23.5
-200.0,752.0,-200.0,1.2,752.0,35.6,0.5393,13.3,16.0,20.0
0.8,869.0,-200.0,4.2,869.0,52.3,14.668,23.2,24.5,5.7
3.4,1304.0,-200.0,18.2,1304.0,48.8,0.8657,15.7,13.5,-14.1
2.3,1147.0,-200.0,11.8,1147.0,46.2,12.815,23.0,24.7,7.2
-200.0,1066.0,-200.0,14.7,1066.0,54.1,10.212,16.7,22.9,36.9
-200.0,949.0,-200.0,3.9,949.0,51.8,16.304,25.1,25.6,2.1
-200.0,808.0,-200.0,2.6,808.0,45.5,0.783,15.2,13.4,-11.6
2.1,1273.0,-200.0,9.2,1273.0,80.8,11.898,12.8,11.3,-11.4
2.7,1336.0,132.0,11.8,1336.0,71.6,0.6945,6.5,5.3,-19.1
4.9,1529.0,-200.0,29.0,1529.0,45.5,16.396,27.4,31.9,16.5
4.1,1283.0,-200.0,21.1,1283.0,20.3,0.303,13.0,22.5,73.3
6.4,1676.0,-200.0,30.7,1676.0,64.9,11.396,15.6,20.7,32.6
2.1,1087.0,-200.0,10.6,1087.0,46.5,0.7687,14.6,13.0,-10.6
4.6,1464.0,-200.0,25.6,1464.0,68.9,15.638,19.7,23.8,21.1
-200.0,827.0,-200.0,1.9,827.0,50.3,11.087,19.2,21.5,12.1
0.9,864.0,-200.0,3.0,864.0,19.3,10.369,34.5,29.0,-15.9
2.5,1228.0,-200.0,13.9,1228.0,46.2,13.376,23.7,25.2,6.4
2.3,-200.0,319.0,-200.0,-200.0,-200.0,-200.0,-200.0,-196.7,-1.6
2.2,1025.0,-200.0,8.3,1025.0,29.0,0.4436,13.4,17.2,28.7
2.0,1120.0,-200.0,8.8,1120.0,65.9,10.88,14.6,16.2,10.9
-200.0,1506.0,-200.0,20.7,1506.0,54.6,15.936,23.9,25.7,7.7
1.5,1205.0,-200.0,7.2,1205.0,70.0,13.078,16.6,15.4,-7.5
1.3,996.0,-200.0,4.9,996.0,37.3,0.9139,21.0,14.1,-32.8
4.1,1247.0,-200.0,16.3,1247.0,36.1,0.4172,9.1,16.4,79.9
1.0,948.0,-200.0,6.4,948.0,53.4,15.748,24.0,25.4,5.6
0.9,949.0,-200.0,2.9,949.0,80.8,0.6666,4.0,1.4,-65.1
4.1,1500.0,-200.0,28.0,1500.0,66.7,15.781,20.4,25.3,24.1
1.2,1123.0,-200.0,6.4,1123.0,48.3,12.034,21.2,21.0,-1.0
-200.0,1066.0,-200.0,7.5,1066.0,39.9,0.4006,7.0,13.8,97.1
-200.0,1080.0,-200.0,7.8,1080.0,49.1,20.248,29.8,30.5,2.3
-200.0,1046.0,-200.0,4.2,1046.0,40.1,0.4375,8.2,12.4,51.6
0.5,911.0,-200.0,1.1,911.0,61.0,0.8299,11.6,6.7,-42.6
-200.0,1130.0,-200.0,13.9,1130.0,17.6,11.979,38.8,33.5,-13.6
1.4,1026.0,-200.0,5.6,1026.0,37.9,15.745,29.9,28.3,-5.4
1.5,971.0,-200.0,7.6,971.0,42.2,14.452,26.6,27.5,3.4
1.5,1098.0,101.0,4.7,1098.0,43.5,0.7302,14.9,12.4,-16.5
1.9,1087.0,-200.0,8.7,1087.0,55.0,0.4921,5.3,9.5,79.1
3.0,1205.0,-200.0,13.4,1205.0,53.3,0.5008,6.0,10.8,79.8
2.4,1091.0,-200.0,11.6,1091.0,35.3,11.262,25.3,26.8,5.8
1.8,979.0,-200.0,8.9,979.0,44.5,12.566,23.3,25.6,9.7
2.4,1311.0,293.0,15.7,1311.0,26.9,10.094,28.1,29.9,6.2
-200.0,758.0,-200.0,0.2,758.0,56.3,0.453,3.7,9.6,158.7
0.6,904.0,-200.0,3.0,904.0,67.2,15.322,19.8,20.0,1.0
-200.0,974.0,-200.0,7.0,974.0,73.1,12.57,15.2,17.3,13.7
-200.0,1354.0,-200.0,22.2,1354.0,77.1,13.527,15.6,19.8,26.7
1.8,984.0,-200.0,6.4,984.0,48.4,0.4043,4.3,11.4,165.2
3.0,1209.0,-200.0,18.3,1209.0,29.5,0.8435,23.5,20.1,-14.6
-200.0,1140.0,-200.0,9.6,1140.0,78.8,19.939,21.5,22.1,2.6
-200.0,1228.0,-200.0,15.8,1228.0,35.9,17.067,32.3,33.1,2.5
4.7,1418.0,-200.0,26.7,1418.0,42.2,14.949,27.1,31.7,17.0
0.7,900.0,32.0,1.7,900.0,42.9,0.5442,10.5,13.1,24.4
3.1,1308.0,-200.0,16.3,1308.0,49.8,0.5267,7.7,11.9,54.8
0.5,891.0,-200.0,3.6,891.0,58.7,18.089,24.8,25.5,2.8
1.9,1222.0,-200.0,7.5,1222.0,44.7,0.5279,9.4,10.1,7.8
1.4,892.0,-200.0,7.3,892.0,14.7,0.9295,37.4,22.9,-38.9
-200.0,709.0,-200.0,0.6,709.0,57.4,0.9413,14.5,10.5,-27.3
2.6,1095.0,-200.0,12.5,1095.0,23.6,0.4766,17.8,19.9,12.0
5.6,1492.0,-200.0,24.8,1492.0,35.2,0.6907,17.3,18.0,3.9
4.5,1494.0,-200.0,25.5,1494.0,62.5,16.616,22.3,26.2,17.3
5.6,1747.0,899.0,32.5,1747.0,36.7,10.244,23.1,33.2,43.9
-200.0,979.0,-200.0,8.4,979.0,56.4,11.645,18.1,21.6,19.6
-200.0,1562.0,-200.0,30.4,1562.0,37.3,14.423,28.6,33.1,15.7
-200.0,924.0,-200.0,5.1,924.0,60.4,12.817,18.6,20.8,11.6
1.7,930.0,-200.0,8.4,930.0,45.6,10.555,20.0,23.7,18.4
3.6,1419.0,-200.0,20.1,1419.0,25.7,0.9382,27.6,19.5,-29.4
-200.0,1143.0,-200.0,11.8,1143.0,39.6,16.397,29.9,30.5,2.1
3.4,1373.0,546.0,17.1,1373.0,20.0,0.5352,22.4,23.7,6.0
10.2,1982.0,-200.0,49.5,1982.0,72.6,10.936,13.2,23.4,77.4
1.1,980.0,-200.0,5.6,980.0,27.7,17.78,37.7,33.7,-10.7
1.8,1095.0,227.0,8.5,1095.0,49.4,0.8768,15.7,13.5,-14.0
0.7,869.0,-200.0,4.5,869.0,35.8,0.8975,21.3,15.9,-25.4
0.7,856.0,-200.0,1.7,856.0,47.4,0.3926,4.1,11.0,167.8
2.2,1233.0,-200.0,15.2,1233.0,22.9,10.144,31.0,29.1,-6.1
-200.0,847.0,-200.0,1.0,847.0,75.8,0.8721,9.0,3.8,-57.3
3.8,1146.0,-200.0,15.0,1146.0,30.7,0.3066,6.9,18.4,166.4
1.4,1097.0,-200.0,4.2,1097.0,46.8,11.959,21.6,20.6,-4.6
1.4,1009.0,-200.0,3.3,1009.0,62.8,0.6188,6.7,5.8,-13.4
2.5,1142.0,-200.0,13.9,1142.0,29.8,0.8926,24.3,18.7,-23.0
0.7,797.0,-200.0,2.1,797.0,49.7,0.6429,10.8,11.5,6.6
-200.0,-200.0,-200.0,-200.0,-200.0,-200.0,-200.0,-200.0,-199.0,-0.5
0.6,926.0,60.0,2.8,926.0,60.1,10.806,15.9,18.6,17.0
0.9,894.0,-200.0,5.6,894.0,61.7,0.9844,14.1,9.0,-36.2
1.3,1017.0,-200.0,4.1,1017.0,55.6,0.8765,13.9,8.3,-40.0
0.4,873.0,-200.0,1.5,873.0,81.0,14.302,15.6,14.8,-4.9
8.3,1623.0,-200.0,29.8,1623.0,62.6,11.455,16.2,21.6,33.3
2.1,1004.0,-200.0,10.7,1004.0,40.4,11.5,23.4,26.2,12.1
-200.0,1396.0,-200.0,20.0,1396.0,50.2,0.9646,17.0,13.5,-20.8
0.4,878.0,-200.0,5.4,878.0,36.9,0.9271,21.4,15.9,-25.5
2.4,1157.0,-200.0,16.1,1157.0,37.9,12.994,26.6,29.1,9.4
1.3,1044.0,-200.0,6.4,1044.0,47.1,15.947,26.4,26.1,-1.1
6.1,1567.0,-200.0,28.0,1567.0,69.4,0.6118,5.0,9.0,80.2
1.6,1003.0,-200.0,6.5,1003.0,50.2,0.9156,16.2,11.2,-30.8
0.3,950.0,-200.0,4.8,950.0,13.6,0.9953,40.1,21.3,-46.9
-200.0,993.0,-200.0,5.4,993.0,45.7,10.161,19.3,21.5,11.6
1.7,1260.0,-200.0,12.3,1260.0,29.9,0.6604,19.3,16.2,-15.9
2.8,971.0,-200.0,4.5,971.0,43.5,0.53,9.9,12.1,22.5
-200.0,881.0,-200.0,1.9,881.0,59.0,0.5493,5.8,8.2,41.6
1.6,1029.0,-200.0,8.3,1029.0,19.3,12.736,38.3,31.8,-16.9
4.0,1330.0,-200.0,14.7,1330.0,42.8,10.298,20.7,22.3,7.7
0.5,862.0,-200.0,3.4,862.0,69.3,12.591,16.1,17.5,8.6
1.4,977.0,-200.0,6.6,977.0,29.1,11.586,29.2,27.8,-4.8
-200.0,1387.0,-200.0,22.4,1387.0,34.8,0.908,22.0,19.0,-13.8
-200.0,873.0,-200.0,1.5,873.0,76.4,0.7661,6.9,3.5,-49.3
3.9,1297.0,-200.0,13.6,1297.0,36.3,0.7487,18.2,14.7,-19.2
1.6,1134.0,-200.0,6.6,1134.0,71.1,0.9915,11.9,3.9,-67.2
3.2,1326.0,-200.0,14.6,1326.0,38.1,0.8946,20.3,14.5,-28.7
1.1,946.0,-200.0,2.1,946.0,61.9,0.6056,6.6,6.2,-5.5
0.5,803.0,-200.0,3.4,803.0,57.0,12.739,19.5,21.8,11.7
0.9,848.0,-200.0,3.6,848.0,45.2,10.538,20.1,22.5,11.7
1.0,847.0,-200.0,3.8,847.0,59.3,0.4401,2.5,8.8,254.0
3.6,1384.0,-200.0,23.3,1384.0,65.4,13.213,17.8,22.3,25.5
-200.0,982.0,-200.0,6.8,982.0,78.3,12.88,14.5,15.9,10.0
2.2,1046.0,-200.0,7.8,1046.0,47.5,0.6108,10.7,11.8,9.9
2.6,1175.0,-200.0,10.6,1175.0,77.8,11.641,13.0,13.8,6.2
3.8,1408.0,592.0,19.3,1408.0,57.0,0.7544,11.2,14.6,30.0
-200.0,1026.0,-200.0,16.2,1026.0,18.6,0.8398,31.4,24.9,-20.8
0.1,808.0,-200.0,2.8,808.0,52.2,0.4338,4.1,10.8,163.8
-200.0,1215.0,-200.0,16.8,1215.0,47.2,11.659,21.1,25.4,20.2
4.4,1460.0,682.0,25.3,1460.0,19.4,0.81,30.0,27.8,-7.3
-200.0,949.0,-200.0,6.6,949.0,39.3,0.8355,18.6,15.4,-17.2
0.9,830.0,-200.0,3.8,830.0,59.5,12.758,18.8,21.0,11.5
1.8,1088.0,-200.0,14.0,1088.0,16.4,0.7489,31.6,23.0,-27.1
5.6,1354.0,-200.0,16.7,1354.0,59.2,10.736,16.1,18.8,17.0
0.7,888.0,-200.0,1.9,888.0,56.8,0.3903,1.4,8.1,476.2
-200.0,863.0,-200.0,4.4,863.0,57.1,0.9581,14.9,10.6,-29.0
1.1,975.0,-200.0,3.9,975.0,54.7,0.4323,3.4,8.6,152.4
1.9,1172.0,-200.0,6.0,1172.0,81.4,13.046,14.1,12.0,-15.0
0.6,892.0,20.0,1.2,892.0,58.6,0.7628,10.9,8.7,-20.1
0.6,967.0,-200.0,2.9,967.0,80.5,14.236,15.7,14.4,-8.1
2.1,1102.0,-200.0,7.7,1102.0,32.6,0.4814,12.8,15.0,17.5
2.4,1262.0,-200.0,16.2,1262.0,24.8,11.886,32.4,30.4,-6.1
1.5,818.0,-200.0,4.3,818.0,35.8,0.3471,6.4,15.9,148.2
1.1,890.0,-200.0,3.6,890.0,33.8,0.4623,11.7,15.3,31.0
-200.0,1048.0,-200.0,7.8,1048.0,77.4,18.02,20.1,20.9,3.7
2.1,1102.0,-200.0,8.3,1102.0,45.2,0.9123,17.8,12.2,-31.2
-200.0,1035.0,-200.0,8.7,1035.0,70.9,0.8841,10.2,6.6,-35.1
-200.0,1053.0,-200.0,8.3,1053.0,70.3,15.925,19.7,21.0,6.4
1.2,945.0,-200.0,4.8,945.0,48.0,15.882,26.0,26.2,0.9
4.0,1073.0,-200.0,16.5,1073.0,23.7,0.3903,14.6,22.0,51.0
-200.0,1298.0,-200.0,26.8,1298.0,65.8,10.773,14.4,23.2,60.8
5.0,1247.0,-200.0,14.8,1247.0,52.3,10.922,18.3,21.3,16.6
0.1,854.0,-200.0,2.4,854.0,81.3,15.452,16.8,16.5,-1.5
3.1,1472.0,-200.0,21.1,1472.0,49.5,15.665,25.2,27.0,7.1
1.1,918.0,-200.0,5.3,918.0,27.7,16.041,35.8,32.6,-8.9
2.1,1121.0,156.0,9.4,1121.0,29.2,0.592,17.8,18.6,4.3
2.0,1182.0,-200.0,12.5,1182.0,20.2,0.8719,30.6,20.2,-34.0
1.3,943.0,-200.0,3.9,943.0,48.6,0.4069,4.3,10.6,147.6
1.0,836.0,-200.0,4.7,836.0,25.2,14.02,35.1,32.1,-8.6
3.6,1196.0,-200.0,20.2,1196.0,25.9,11.883,31.7,32.9,3.6
1.1,916.0,-200.0,6.7,916.0,29.7,11.751,29.1,28.6,-1.7
1.6,984.0,-200.0,6.9,984.0,45.6,0.8636,16.8,12.9,-23.4
5.3,1567.0,-200.0,23.5,1567.0,75.8,11.506,13.3,15.6,17.5
2.3,1075.0,-200.0,9.1,1075.0,51.5,10.015,17.2,20.0,16.6
2.7,1246.0,-200.0,13.3,1246.0,39.4,17.969,31.6,31.0,-1.8
1.1,918.0,-200.0,5.8,918.0,55.1,17.628,25.4,26.8,5.5
2.2,1140.0,-200.0,13.8,1140.0,47.7,14.649,24.7,27.1,9.6
0.5,737.0,-200.0,0.7,737.0,41.8,0.536,10.7,13.7,27.7
1.0,938.0,-200.0,3.8,938.0,61.8,10.602,15.2,16.9,11.1
1.0,970.0,52.0,2.5,970.0,58.4,0.7686,11.0,8.6,-21.8
2.8,1054.0,-200.0,16.5,1054.0,18.9,10.999,35.9,33.9,-5.6
-200.0,1076.0,-200.0,10.3,1076.0,43.2,15.052,26.9,28.3,5.3
3.2,1250.0,-200.0,14.5,1250.0,30.8,0.6095,17.5,17.1,-2.2
-200.0,1428.0,-200.0,20.9,1428.0,57.2,12.146,18.6,22.4,20.5
0.8,886.0,-200.0,2.8,886.0,60.6,0.9715,14.1,8.0,-43.0
1.8,961.0,-200.0,5.3,961.0,61.4,0.4159,1.2,7.6,529.6
0.4,830.0,30.0,1.4,830.0,44.4,0.7827,15.6,13.6,-12.9
5.5,1494.0,-200.0,29.0,1494.0,52.0,14.833,23.5,29.0,23.6
3.7,1200.0,-200.0,19.8,1200.0,56.9,0.9582,14.9,13.4,-10.1
-200.0,925.0,-200.0,3.1,925.0,39.1,14.072,27.4,26.9,-1.8
2.9,1215.0,274.0,15.5,1215.0,22.3,0.786,27.0,23.1,-14.5
2.5,-200.0,194.0,-200.0,-200.0,-200.0,-200.0,-200.0,-197.4,-1.3
-200.0,860.0,-200.0,6.8,860.0,31.9,0.9195,23.6,18.7,-20.6
2.6,1301.0,321.0,12.3,1301.0,33.7,0.9837,23.9,17.7,-25.7
-200.0,1117.0,-200.0,11.2,1117.0,28.7,16.626,35.8,33.8,-5.5
1.2,992.0,-200.0,3.7,992.0,79.5,0.6482,3.9,1.6,-59.1
3.0,-200.0,-200.0,-200.0,-200.0,-200.0,-200.0,-200.0,-199.5,-0.3
0.7,942.0,-200.0,3.7,942.0,61.6,20.575,26.2,26.5,1.2
2.7,-200.0,-200.0,-200.0,-200.0,-200.0,-200.0,-200.0,-199.5,-0.3
3.1,1235.0,-200.0,12.4,1235.0,50.1,0.672,11.3,11.0,-2.8
-200.0,1107.0,-200.0,13.7,1107.0,12.5,0.9941,41.7,24.5,-41.3
1.7,1079.0,-200.0,9.9,1079.0,31.1,12.883,29.9,28.8,-3.5
1.8,1073.0,181.0,9.7,1073.0,36.7,0.6867,16.6,17.4,5.1
0.9,889.0,-200.0,2.9,889.0,77.4,10.825,12.0,12.9,7.9
2.0,1103.0,-200.0,8.8,1103.0,58.3,0.9978,15.1,8.9,-40.9
-200.0,1343.0,-200.0,20.1,1343.0,30.6,0.8854,23.7,19.5,-17.6
-200.0,1248.0,-200.0,26.0,1248.0,20.0,11.767,36.1,37.1,2.7
5.5,1372.0,-200.0,26.9,1372.0,57.7,0.9778,15.0,14.5,-3.3
3.9,1474.0,486.0,20.3,1474.0,70.2,10.221,12.6,19.2,52.2
1.5,909.0,-200.0,7.5,909.0,40.7,0.6405,13.8,15.2,10.4
3.1,1292.0,383.0,14.0,1292.0,34.6,0.7807,19.6,18.6,-5.3
4.6,1467.0,-200.0,26.9,1467.0,48.7,15.594,25.4,30.0,18.2
2.1,1149.0,205.0,9.3,1149.0,54.1,0.8351,13.5,11.8,-13.0
3.6,1340.0,-200.0,18.6,1340.0,76.2,16.045,18.5,20.4,10.1
3.4,1317.0,-200.0,18.3,1317.0,59.1,0.3913,0.9,10.1,1017.8
-200.0,1625.0,-200.0,32.5,1625.0,28.9,0.9151,25.3,22.6,-10.9
2.0,1183.0,-200.0,8.4,1183.0,54.5,11.644,18.7,19.1,2.2
1.5,966.0,-200.0,7.4,966.0,59.4,13.554,19.8,21.8,10.2
2.5,1142.0,-200.0,12.8,1142.0,38.2,0.7081,16.4,15.7,-4.4
1.2,953.0,66.0,4.6,953.0,50.4,0.6063,9.7,12.0,23.4
1.1,1031.0,-200.0,4.4,1031.0,63.1,0.7531,9.5,6.1,-35.7
4.1,1363.0,-200.0,17.7,1363.0,71.9,0.7712,8.0,6.0,-24.9
1.6,1111.0,-200.0,14.1,1111.0,33.3,10.773,25.6,27.8,8.7
1.0,1062.0,-200.0,8.1,1062.0,49.1,15.546,25.2,25.8,2.2
4.3,1492.0,-200.0,26.4,1492.0,44.0,13.078,24.2,28.3,17.0
-200.0,792.0,-200.0,2.4,792.0,63.7,14.742,20.0,22.0,10.1
-200.0,838.0,-200.0,4.1,838.0,40.9,13.377,25.8,27.3,5.8
2.2,999.0,-200.0,5.1,999.0,63.8,0.7236,8.8,6.6,-24.8
1.9,952.0,-200.0,5.5,952.0,46.4,0.3896,4.3,11.9,176.9
1.4,1011.0,-200.0,5.4,1011.0,67.1,0.5483,3.9,5.5,41.8
-200.0,971.0,-200.0,10.0,971.0,41.9,10.77,21.8,25.7,17.9
0.5,778.0,-200.0,1.2,778.0,43.6,0.5405,10.2,12.9,26.5
1.6,1006.0,-200.0,6.6,1006.0,32.6,0.426,10.9,15.6,43.5
0.6,792.0,-200.0,2.5,792.0,59.3,13.681,20.0,21.8,8.8
-200.0,733.0,-200.0,1.9,733.0,73.1,0.6074,4.1,6.2,50.9
3.5,1315.0,-200.0,17.5,1315.0,20.6,0.6075,24.1,20.6,-14.5
-200.0,1067.0,-200.0,13.0,1067.0,40.4,11.421,23.3,27.0,15.9
2.7,1229.0,-200.0,13.9,1229.0,73.7,16.708,19.7,20.8,5.6
2.4,1253.0,-200.0,9.7,1253.0,57.0,0.9333,14.5,7.8,-46.2
1.3,973.0,-200.0,4.3,973.0,80.8,0.6406,3.5,1.8,-49.9
0.4,769.0,-200.0,2.0,769.0,52.5,10.13,17.1,20.2,18.3
1.4,905.0,-200.0,5.7,905.0,18.8,0.2246,9.6,20.1,109.3
2.1,1003.0,-200.0,11.9,1003.0,16.7,10.045,36.5,32.0,-12.3
1.0,967.0,-200.0,4.5,967.0,25.4,17.282,38.8,33.5,-13.8
3.2,970.0,-200.0,5.3,970.0,57.7,0.6376,8.4,8.7,3.4
0.1,1022.0,-200.0,7.0,1022.0,33.8,0.6034,15.8,15.5,-2.0
4.4,1444.0,-200.0,22.1,1444.0,27.9,0.908,25.7,19.5,-24.1
2.0,984.0,-200.0,10.5,984.0,23.6,0.7771,25.9,20.6,-20.3
1.4,1142.0,67.0,6.9,1142.0,61.4,10.58,15.3,17.4,13.5
2.3,1009.0,-200.0,14.0,1009.0,17.1,0.8124,32.2,23.9,-25.9
2.7,1149.0,-200.0,13.4,1149.0,34.7,0.4393,10.5,16.6,58.0
4.4,1460.0,-200.0,25.0,1460.0,49.0,13.62,23.0,27.2,18.2
1.3,960.0,-200.0,6.9,960.0,30.3,0.4724,13.7,17.0,24.4
1.4,844.0,-200.0,5.4,844.0,37.3,0.5095,11.6,15.8,36.5
-200.0,747.0,-200.0,0.2,747.0,52.8,0.4137,3.3,10.6,222.5
-200.0,875.0,-200.0,3.0,875.0,57.6,0.9684,14.9,9.6,-35.4
1.5,1039.0,-200.0,6.9,1039.0,58.5,0.4608,3.4,8.2,141.6
2.9,1264.0,-200.0,18.1,1264.0,37.3,13.081,27.0,29.0,7.4
0.4,892.0,-200.0,3.8,892.0,51.4,0.4534,5.0,10.5,110.0
0.1,879.0,-200.0,2.8,879.0,33.0,11.338,26.6,25.9,-2.8
0.7,866.0,33.0,1.8,866.0,33.6,0.4595,11.6,16.0,38.3
0.5,923.0,-200.0,1.8,923.0,67.2,0.7382,8.3,5.0,-39.3
2.6,1006.0,-200.0,10.3,1006.0,45.4,0.7458,14.5,14.2,-2.2
4.6,1568.0,-200.0,19.4,1568.0,68.7,12.596,16.3,16.7,2.2
2.7,1248.0,-200.0,15.9,1248.0,47.3,16.006,26.4,28.2,6.8
1.8,1165.0,-200.0,6.6,1165.0,40.2,0.901,19.5,12.0,-38.4
0.3,872.0,-200.0,3.6,872.0,43.2,0.4247,6.6,12.9,95.5
1.9,1078.0,-200.0,10.2,1078.0,34.7,13.457,28.7,28.6,-0.5
-200.0,930.0,-200.0,3.9,930.0,41.5,13.106,25.2,25.6,1.7
2.3,1452.0,-200.0,12.4,1452.0,46.3,0.9744,18.5,9.7,-47.8
0.7,812.0,-200.0,3.2,812.0,44.5,10.98,21.1,23.3,10.6
0.2,918.0,-200.0,4.3,918.0,53.6,0.6333,9.4,10.0,6.2
0.5,853.0,-200.0,4.1,853.0,40.2,0.9725,20.8,14.7,-29.1
1.1,895.0,-200.0,5.6,895.0,52.7,13.65,21.9,23.8,8.6
1.9,1100.0,-200.0,11.2,1100.0,30.0,0.4245,12.2,17.4,42.8
3.0,1146.0,-200.0,11.8,1146.0,41.0,0.4458,8.1,14.1,74.2
3.4,1229.0,-200.0,12.7,1229.0,35.8,0.6456,16.0,15.2,-5.3
0.9,873.0,51.0,3.4,873.0,25.7,0.5738,19.4,19.1,-1.4
1.1,1044.0,-200.0,2.7,1044.0,67.9,0.9362,11.8,4.0,-66.4
0.5,809.0,-200.0,2.1,809.0,65.1,13.529,18.3,19.6,7.0
3.9,1367.0,-200.0,17.5,1367.0,74.9,0.7187,6.3,5.0,-20.9
1.2,996.0,-200.0,7.4,996.0,67.5,18.99,23.2,24.5,5.5
0.7,858.0,-200.0,4.8,858.0,25.6,0.5032,17.3,18.6,7.6
1.3,966.0,-200.0,9.3,966.0,60.8,12.635,18.3,21.5,17.3
0.5,884.0,-200.0,1.6,884.0,72.7,10.76,12.9,13.6,5.6
4.0,-200.0,-200.0,-200.0,-200.0,-200.0,-200.0,-200.0,-199.5,-0.3
3.2,1353.0,-200.0,15.9,1353.0,71.3,16.564,20.1,20.8,3.3
4.4,1443.0,-200.0,22.7,1443.0,24.7,0.8899,27.5,20.7,-24.8
1.1,947.0,-200.0,3.5,947.0,22.3,0.5468,21.0,17.8,-15.0
-200.0,987.0,-200.0,6.2,987.0,50.2,0.5118,7.2,11.4,58.3
1.7,1182.0,-200.0,11.0,1182.0,58.2,15.036,21.8,22.7,3.9
5.5,1612.0,-200.0,27.7,1612.0,48.6,17.017,26.9,30.0,11.6
3.3,1228.0,-200.0,15.7,1228.0,54.0,0.784,12.6,11.7,-7.1
1.4,968.0,-200.0,5.0,968.0,24.3,0.3393,12.0,17.6,46.3
2.0,1218.0,-200.0,12.0,1218.0,23.3,0.9869,30.3,18.8,-38.1
1.6,1105.0,-200.0,8.1,1105.0,67.7,16.848,21.2,21.3,0.6
5.1,1350.0,-200.0,20.3,1350.0,56.8,0.4768,4.3,11.3,163.7
0.7,966.0,-200.0,4.3,966.0,70.3,15.308,19.0,19.0,-0.0
6.7,1713.0,-200.0,32.4,1713.0,44.8,0.6342,12.2,16.2,32.7
1.3,1004.0,-200.0,4.5,1004.0,70.0,0.5388,3.1,4.4,40.9
-200.0,1068.0,-200.0,8.4,1068.0,55.0,0.9228,14.9,10.5,-29.4
1.8,1058.0,-200.0,11.3,1058.0,15.8,11.41,39.9,32.6,-18.3
-200.0,817.0,-200.0,2.2,817.0,69.5,12.549,16.0,17.9,11.8
1.3,1072.0,-200.0,9.9,1072.0,39.3,11.522,23.9,25.3,6.0
1.7,918.0,-200.0,7.5,918.0,42.6,10.4,20.9,24.1,15.1
2.0,980.0,-200.0,5.5,980.0,40.2,0.376,5.9,13.3,124.9
2.2,998.0,-200.0,7.0,998.0,53.6,0.5992,8.6,10.3,19.4
1.6,1489.0,-200.0,20.3,1489.0,56.5,0.7924,12.0,10.0,-16.5
4.0,1342.0,-200.0,23.0,1342.0,21.3,13.223,37.1,35.0,-5.7
0.6,833.0,-200.0,1.3,833.0,52.8,0.3468,0.8,9.5,1090.8
1.5,1024.0,-200.0,7.6,1024.0,47.6,15.13,25.3,26.0,2.8
1.8,1040.0,-200.0,7.1,1040.0,84.3,11.137,11.1,11.5,3.5
3.4,1124.0,-200.0,19.7,1124.0,18.7,0.8302,31.1,24.8,-20.3
1.5,1011.0,-200.0,7.0,1011.0,72.8,12.633,15.4,16.5,6.8
1.3,973.0,-200.0,4.9,973.0,24.0,0.3392,12.2,17.5,43.7
2.3,1000.0,-200.0,10.2,1000.0,41.2,11.759,23.5,26.1,10.9
0.8,1005.0,57.0,3.3,1005.0,61.6,0.9631,13.7,7.9,-42.5
4.1,1491.0,-200.0,17.2,1491.0,58.8,0.4979,4.4,7.6,71.7
1.8,1169.0,-200.0,13.0,1169.0,38.4,14.68,28.5,28.9,1.6
0.8,861.0,-200.0,6.0,861.0,19.2,0.9634,33.3,21.4,-35.8
0.7,939.0,-200.0,2.5,939.0,69.2,0.9033,10.9,4.8,-56.2
-200.0,819.0,-200.0,1.7,819.0,62.6,0.9498,13.3,8.3,-37.8
3.7,1262.0,-200.0,18.6,1262.0,34.0,14.096,29.9,31.2,4.2
2.1,1091.0,-200.0,9.8,1091.0,64.1,0.5772,5.4,7.5,39.5
0.7,801.0,-200.0,2.7,801.0,37.5,0.622,14.7,15.1,2.8
1.7,897.0,-200.0,7.8,897.0,46.4,0.6302,11.5,13.9,21.2
-200.0,979.0,-200.0,12.2,979.0,37.3,0.9768,22.0,18.4,-16.2
-200.0,1039.0,-200.0,8.2,1039.0,36.1,13.425,28.0,28.2,0.6
0.7,923.0,-200.0,4.6,923.0,55.8,14.828,22.3,23.2,4.2
-200.0,949.0,-200.0,7.4,949.0,36.6,12.484,26.5,27.8,5.1
0.6,962.0,-200.0,5.8,962.0,34.0,12.31,27.5,26.9,-2.0
0.7,843.0,-200.0,1.2,843.0,42.3,0.3299,3.3,12.3,271.3
2.7,1196.0,-200.0,11.0,1196.0,43.8,0.3945,5.4,12.3,127.3
0.9,1086.0,-200.0,6.6,1086.0,59.0,10.495,15.8,17.1,8.1
-200.0,1039.0,-200.0,8.9,1039.0,59.3,14.787,21.2,23.4,10.3
1.7,1032.0,-200.0,4.9,1032.0,81.7,0.9693,9.5,1.4,-85.5
1.1,1023.0,-200.0,3.6,1023.0,76.4,0.6164,3.7,2.0,-46.1
0.4,762.0,-200.0,2.5,762.0,50.7,13.405,22.2,24.2,9.2
1.3,1065.0,-200.0,5.5,1065.0,65.8,13.802,18.4,18.1,-1.4
0.8,980.0,62.0,3.4,980.0,58.8,0.9711,14.6,9.1,-38.0
4.8,1355.0,-200.0,28.9,1355.0,42.7,11.667,22.8,30.2,32.6
-200.0,1612.0,-200.0,38.8,1612.0,59.0,13.077,19.3,29.2,51.3
0.5,871.0,-200.0,2.4,871.0,53.0,19.097,27.5,27.7,0.8
0.9,891.0,-200.0,4.4,891.0,75.5,14.056,16.5,17.3,4.9
4.5,1374.0,-200.0,20.2,1374.0,44.4,10.457,20.3,24.1,18.8
3.0,1263.0,-200.0,10.5,1263.0,60.8,0.5232,4.7,6.6,40.5
0.5,986.0,-200.0,4.6,986.0,53.5,0.9928,16.5,9.7,-41.4
2.6,1016.0,-200.0,7.8,1016.0,49.8,0.5808,9.2,11.5,24.6
3.7,1317.0,-200.0,21.1,1317.0,25.5,13.68,34.5,33.6,-2.5
5.1,1667.0,-200.0,26.4,1667.0,31.1,0.7523,20.7,17.8,-14.1
-200.0,853.0,-200.0,4.3,853.0,51.9,10.379,17.7,21.2,20.0
1.1,942.0,57.0,2.9,942.0,46.6,0.6319,11.5,12.3,7.1
2.4,996.0,-200.0,10.6,996.0,34.5,0.5102,12.9,17.3,33.8
0.5,801.0,-200.0,0.6,801.0,43.4,0.3337,3.0,12.2,306.1
-200.0,814.0,-200.0,3.3,814.0,57.3,13.352,20.1,22.6,12.5
5.8,1399.0,-200.0,30.3,1399.0,29.1,10.846,28.0,33.3,19.1
-200.0,828.0,-200.0,1.1,828.0,75.7,0.659,4.8,4.0,-17.7
4.8,1337.0,-200.0,16.6,1337.0,42.3,0.5902,11.9,13.8,16.3
0.6,761.0,-200.0,1.3,761.0,31.9,0.1975,-0.1,16.1,-16179.2
4.6,1339.0,-200.0,30.4,1339.0,41.7,10.98,22.1,30.8,39.2
1.0,899.0,33.0,2.6,899.0,26.8,0.4023,13.1,17.9,36.3
0.8,819.0,-200.0,1.9,819.0,32.0,0.431,11.4,15.8,39.0
2.4,959.0,-200.0,4.1,959.0,43.3,0.5238,9.8,12.1,23.8
0.9,806.0,-200.0,3.8,806.0,33.9,0.6591,17.2,16.6,-3.3
-200.0,1110.0,-200.0,6.9,1110.0,57.2,10.492,16.3,18.0,10.1
1.8,1179.0,-200.0,9.5,1179.0,41.0,20.995,33.6,32.5,-3.2
0.8,986.0,-200.0,5.2,986.0,57.6,11.484,17.6,19.0,7.9
-200.0,969.0,-200.0,5.5,969.0,50.8,0.4234,4.2,11.0,162.5
1.7,1177.0,-200.0,7.3,1177.0,69.9,10.223,12.7,13.0,2.4
2.8,1484.0,131.0,11.9,1484.0,51.5,0.8536,14.6,9.2,-36.9
1.6,969.0,-200.0,6.7,969.0,86.0,0.8632,6.9,1.7,-74.8
1.5,1076.0,-200.0,4.6,1076.0,59.3,0.6123,7.4,6.6,-11.3
1.2,-200.0,-200.0,-200.0,-200.0,-200.0,-200.0,-200.0,-199.5,-0.3
3.5,1316.0,-200.0,13.7,1316.0,49.3,0.6772,11.7,10.8,-7.3
1.6,1283.0,-200.0,6.7,1283.0,42.3,0.9493,19.5,10.1,-48.4
2.2,1100.0,-200.0,6.0,1100.0,59.8,0.5761,6.3,6.8,7.5
1.6,1090.0,-200.0,7.3,1090.0,36.7,0.7764,18.5,14.1,-23.6
-200.0,1076.0,-200.0,9.3,1076.0,28.7,17.256,36.5,34.0,-6.8
1.5,1045.0,-200.0,5.7,1045.0,57.1,0.9309,14.4,8.4,-41.6
1.3,1028.0,-200.0,7.8,1028.0,75.1,16.766,19.4,20.0,3.1
-200.0,1425.0,-200.0,18.1,1425.0,42.1,0.7856,16.5,14.3,-13.6
2.1,1315.0,-200.0,11.7,1315.0,29.3,11.503,28.9,25.9,-10.2
2.6,1312.0,-200.0,11.9,1312.0,70.0,10.42,13.0,13.7,5.6
0.6,824.0,-200.0,3.5,824.0,18.5,12.141,38.1,31.7,-16.9
5.5,1510.0,-200.0,20.0,1510.0,58.8,0.7512,10.6,8.9,-15.8
0.7,955.0,-200.0,2.0,955.0,72.4,10.224,12.2,12.5,2.4
0.9,861.0,-200.0,4.5,861.0,72.0,13.749,16.9,18.4,8.9
2.3,1162.0,-200.0,14.0,1162.0,26.9,16.477,36.9,34.5,-6.6
3.3,1361.0,-200.0,14.6,1361.0,69.1,10.452,13.2,14.7,11.4
-200.0,-200.0,-200.0,-200.0,-200.0,-200.0,-200.0,-200.0,-199.0,-0.5
-200.0,867.0,-200.0,2.1,867.0,74.1,12.302,14.7,15.7,6.8
4.2,1480.0,460.0,21.0,1480.0,54.4,13.194,20.8,26.6,27.8
1.9,1193.0,-200.0,13.0,1193.0,58.9,19.156,25.7,27.3,6.2
-200.0,-200.0,-200.0,-200.0,-200.0,-200.0,-200.0,-200.0,-199.0,-0.5
6.7,1532.0,-200.0,22.2,1532.0,55.3,0.7058,10.6,10.6,0.4
4.8,1676.0,790.0,28.9,1676.0,37.3,11.199,24.3,32.5,33.9
-200.0,1336.0,-200.0,23.3,1336.0,60.3,16.287,22.6,27.9,23.3
3.6,1116.0,-200.0,17.5,1116.0,31.8,10.317,25.7,29.4,14.3
3.0,-200.0,234.0,-200.0,-200.0,-200.0,-200.0,-200.0,-197.2,-1.4
-200.0,1010.0,-200.0,8.1,1010.0,35.7,13.985,28.9,29.1,0.8
0.8,909.0,-200.0,3.6,909.0,32.1,17.841,35.1,32.4,-7.6
-200.0,1232.0,-200.0,10.9,1232.0,64.0,15.346,20.6,21.2,2.9
-200.0,970.0,-200.0,2.1,970.0,50.4,0.7448,12.9,9.8,-24.1
4.7,1310.0,-200.0,27.5,1310.0,46.5,10.71,19.9,28.1,41.3
1.5,1011.0,-200.0,4.3,1011.0,78.2,0.6506,4.2,2.0,-52.1
1.8,1079.0,-200.0,8.2,1079.0,37.8,15.098,29.2,28.3,-3.1
3.5,1326.0,-200.0,24.5,1326.0,66.6,15.567,20.2,25.6,26.7
1.0,1015.0,101.0,4.1,1015.0,55.4,10.408,16.6,19.3,16.1
1.7,1054.0,-200.0,12.6,1054.0,15.0,0.9297,37.1,23.3,-37.1
1.2,1065.0,-200.0,7.7,1065.0,74.9,19.396,21.9,22.1,0.9
1.2,961.0,-200.0,2.9,961.0,70.7,0.6848,6.4,4.1,-36.4
2.2,1171.0,-200.0,13.1,1171.0,65.2,15.251,20.2,22.1,9.3
1.5,1010.0,-200.0,6.5,1010.0,38.8,17.295,31.1,30.2,-2.9
0.7,941.0,-200.0,3.5,941.0,63.6,21.02,25.9,26.3,1.6
-200.0,882.0,-200.0,3.1,882.0,47.6,0.5113,8.0,11.9,48.9
1.3,955.0,-200.0,8.5,955.0,36.9,0.8258,19.5,16.4,-16.0
1.1,978.0,-200.0,5.2,978.0,30.3,0.452,13.0,16.0,22.9
2.2,1002.0,-200.0,10.3,1002.0,36.5,0.7366,17.8,16.7,-6.2
0.9,987.0,-200.0,4.5,987.0,28.1,0.9688,26.7,16.6,-37.7
1.2,949.0,-200.0,8.7,949.0,56.6,13.095,20.0,23.0,15.0
-200.0,1167.0,-200.0,9.1,1167.0,65.2,11.045,15.0,16.6,10.8
-200.0,1224.0,-200.0,19.1,1224.0,16.2,0.7262,31.3,24.4,-22.2
-200.0,960.0,-200.0,7.1,960.0,19.5,10.667,34.8,30.5,-12.2
1.4,902.0,-200.0,3.6,902.0,41.1,0.3451,4.3,13.0,203.1
0.5,765.0,-200.0,2.8,765.0,52.8,0.8929,15.0,11.6,-22.5
0.7,877.0,-200.0,1.5,877.0,48.7,0.5007,7.3,10.4,42.0
2.4,1120.0,-200.0,11.9,1120.0,27.4,12.673,31.8,30.1,-5.3
-200.0,944.0,-200.0,7.8,944.0,43.9,11.521,22.1,25.1,13.7
3.5,1335.0,-200.0,21.6,1335.0,37.6,14.866,29.0,31.5,8.5
2.6,1115.0,-200.0,10.9,1115.0,78.5,0.645,4.0,3.8,-4.2
1.2,1010.0,-200.0,3.1,1010.0,75.0,0.8098,8.0,2.5,-68.9
2.3,1293.0,161.0,8.9,1293.0,55.9,0.7277,10.9,8.9,-18.0
1.6,947.0,-200.0,3.8,947.0,50.0,0.4115,4.0,10.2,154.1
4.7,1498.0,536.0,17.7,1498.0,74.9,12.391,14.6,18.7,28.0
1.1,1052.0,-200.0,4.5,1052.0,52.2,0.4074,3.3,8.6,160.3
0.7,881.0,-200.0,4.1,881.0,48.4,13.677,23.3,24.4,4.9
-200.0,1229.0,-200.0,11.3,1229.0,43.7,15.031,26.6,26.8,0.6
-200.0,763.0,-200.0,2.5,763.0,39.4,0.9802,21.2,15.8,-25.3
-200.0,1356.0,-200.0,21.3,1356.0,53.0,14.939,23.3,27.4,17.5
1.7,1125.0,179.0,8.6,1125.0,33.9,0.8771,21.8,17.2,-21.0
2.1,1095.0,-200.0,11.5,1095.0,48.7,15.825,25.7,27.4,6.5
-200.0,925.0,-200.0,5.8,925.0,58.1,0.9404,14.3,10.2,-28.7
0.6,864.0,-200.0,1.6,864.0,48.1,0.3975,4.1,10.6,159.6
3.1,1202.0,-200.0,15.4,1202.0,79.9,15.253,16.9,18.7,10.8
0.8,978.0,-200.0,4.1,978.0,34.0,0.9749,23.6,14.9,-36.8
1.0,966.0,-200.0,6.2,966.0,47.6,14.597,24.7,25.5,3.3
0.6,913.0,-200.0,4.3,913.0,66.8,15.184,19.7,20.5,4.1
2.8,1187.0,-200.0,13.8,1187.0,64.8,15.379,20.4,22.5,10.1
5.0,1569.0,-200.0,29.8,1569.0,43.6,13.396,24.7,29.4,19.2
3.7,1327.0,-200.0,18.7,1327.0,60.8,16.261,22.4,25.1,11.9
2.7,1377.0,-200.0,14.2,1377.0,42.9,17.308,29.4,28.2,-3.9
0.6,981.0,-200.0,2.4,981.0,67.9,0.7969,9.3,4.5,-51.9
-200.0,1059.0,-200.0,11.3,1059.0,15.8,0.7106,31.3,22.7,-27.4
1.3,1117.0,-200.0,5.9,1117.0,68.4,0.7324,7.9,4.3,-45.8
